id,group_tag,print_tag,image_tag1,image_tag2,humidity,temperature,print_speed,layer_height,pressure,width,image_tag3,comments
81,Session_20250418-113313_SSE,20250418-113313_p1,c1_20250418-113313.jpg,c2_20250418-113313.jpg,19.2,100.0,15.0,0.0,0.0,0.0,12.9,
82,Session_20250418-113313_SSE,20250418-113323_p2,c1_20250418-113323.jpg,c2_20250418-113323.jpg,19.1,100.0,15.0,0.0,0.0,0.0,12.9,
83,Session_20250418-113313_SSE,20250418-113334_p3,c1_20250418-113334.jpg,c2_20250418-113334.jpg,19.2,100.0,15.0,0.0,0.0,0.0,12.9,
84,Session_20250418-113313_SSE,20250418-113344_p4,c1_20250418-113344.jpg,c2_20250418-113344.jpg,19.2,100.0,15.0,0.0,0.0,0.0,12.9,
85,Session_20250418-113313_SSE,20250418-113354_p5,c1_20250418-113354.jpg,c2_20250418-113354.jpg,19.2,100.0,15.0,0.0,0.0,0.0,12.9,
86,Session_20250418-113313_SSE,20250418-113405_p6,c1_20250418-113405.jpg,c2_20250418-113405.jpg,19.2,100.0,15.0,0.0,0.0,0.0,12.9,
87,Session_20250418-113313_SSE,20250418-113415_p7,c1_20250418-113415.jpg,c2_20250418-113415.jpg,19.2,100.0,15.0,0.0,0.0,0.0,12.9,
88,Session_20250418-113313_SSE,20250418-113426_p8,c1_20250418-113426.jpg,c2_20250418-113426.jpg,19.2,100.0,15.0,0.0,0.0,0.0,12.9,
89,Session_20250418-113313_SSE,20250418-113436_p9,c1_20250418-113436.jpg,c2_20250418-113436.jpg,19.2,100.0,15.0,0.0,0.0,0.0,12.9,
90,Session_20250418-113313_SSE,20250418-113447_p10,c1_20250418-113447.jpg,c2_20250418-113447.jpg,19.2,100.0,15.0,0.0,0.0,0.0,12.9,
91,Session_20250418-113313_SSE,20250418-113457_p11,c1_20250418-113457.jpg,c2_20250418-113457.jpg,19.2,100.0,15.0,0.0,0.0,0.0,13.0,
92,Session_20250418-113313_SSE,20250418-113508_p12,c1_20250418-113508.jpg,c2_20250418-113508.jpg,19.2,100.0,15.0,0.0,0.0,0.0,13.1,
93,Session_20250418-113313_SSE,20250418-113518_p13,c1_20250418-113518.jpg,c2_20250418-113518.jpg,19.2,100.0,15.0,0.0,0.0,0.0,13.0,
94,Session_20250418-113313_SSE,20250418-113529_p14,c1_20250418-113529.jpg,c2_20250418-113529.jpg,19.3,100.0,15.0,0.0,0.0,0.0,13.1,
95,Session_20250418-113313_SSE,20250418-113540_p15,c1_20250418-113540.jpg,c2_20250418-113540.jpg,19.3,100.0,15.0,0.0,0.0,0.0,13.0,
96,Session_20250418-113313_SSE,20250418-113550_p16,c1_20250418-113550.jpg,c2_20250418-113550.jpg,19.3,100.0,15.0,0.0,0.0,0.0,13.0,
97,Session_20250418-113313_SSE,20250418-113601_p17,c1_20250418-113601.jpg,c2_20250418-113601.jpg,19.3,100.0,15.0,0.0,0.0,0.0,13.0,
98,Session_20250418-113313_SSE,20250418-113611_p18,c1_20250418-113611.jpg,c2_20250418-113611.jpg,19.3,100.0,15.0,0.0,0.0,0.0,13.1,
99,Session_20250418-113313_SSE,20250418-113622_p19,c1_20250418-113622.jpg,c2_20250418-113622.jpg,19.3,100.0,15.0,0.0,0.0,0.0,13.1,
100,Session_20250418-113313_SSE,20250418-113632_p20,c1_20250418-113632.jpg,c2_20250418-113632.jpg,19.3,100.0,15.0,0.0,0.0,0.0,13.0,
101,Session_20250418-113313_SSE,20250418-113642_p21,c1_20250418-113642.jpg,c2_20250418-113642.jpg,19.3,100.0,15.0,0.0,0.0,0.0,13.0,
102,Session_20250418-113313_SSE,20250418-113653_p22,c1_20250418-113653.jpg,c2_20250418-113653.jpg,19.3,100.0,15.0,0.0,0.0,0.0,13.0,
103,Session_20250418-113313_SSE,20250418-113704_p23,c1_20250418-113704.jpg,c2_20250418-113704.jpg,19.3,100.0,15.0,0.0,0.0,0.0,13.0,
104,Session_20250418-113313_SSE,20250418-113715_p24,c1_20250418-113715.jpg,c2_20250418-113715.jpg,19.3,100.0,15.0,0.0,0.0,0.0,13.0,
105,Session_20250418-113313_SSE,20250418-113725_p25,c1_20250418-113725.jpg,c2_20250418-113725.jpg,19.3,100.0,15.0,0.0,0.0,0.0,13.0,
106,Session_20250418-113313_SSE,20250418-113736_p26,c1_20250418-113736.jpg,c2_20250418-113736.jpg,19.3,100.0,15.0,0.0,0.0,0.0,13.0,
107,Session_20250418-113313_SSE,20250418-113746_p27,c1_20250418-113746.jpg,c2_20250418-113746.jpg,19.3,100.0,15.0,0.0,0.0,0.0,13.0,
108,Session_20250418-113313_SSE,20250418-113757_p28,c1_20250418-113757.jpg,c2_20250418-113757.jpg,19.3,100.0,15.0,0.0,0.0,0.0,13.0,
109,Session_20250418-113313_SSE,20250418-113808_p29,c1_20250418-113808.jpg,c2_20250418-113808.jpg,19.3,100.0,15.0,0.0,0.0,0.0,13.0,
110,Session_20250418-113313_SSE,20250418-113819_p30,c1_20250418-113819.jpg,c2_20250418-113819.jpg,19.3,100.0,15.0,0.0,0.0,0.0,13.0,
111,Session_20250418-113313_SSE,20250418-113829_p31,c1_20250418-113829.jpg,c2_20250418-113829.jpg,19.3,100.0,15.0,0.0,0.0,0.0,13.0,
112,Session_20250418-113313_SSE,20250418-113840_p32,c1_20250418-113840.jpg,c2_20250418-113840.jpg,19.3,100.0,15.0,0.0,0.0,0.0,13.0,
113,Session_20250418-113313_SSE,20250418-113851_p33,c1_20250418-113851.jpg,c2_20250418-113851.jpg,19.3,100.0,15.0,0.0,0.0,0.0,13.0,
114,Session_20250418-113313_SSE,20250418-113901_p34,c1_20250418-113901.jpg,c2_20250418-113901.jpg,19.3,100.0,15.0,0.0,0.0,0.0,13.0,
115,Session_20250418-113313_SSE,20250418-113912_p35,c1_20250418-113912.jpg,c2_20250418-113912.jpg,19.3,100.0,15.0,0.0,0.0,0.0,13.0,
116,Session_20250418-113313_SSE,20250418-113923_p36,c1_20250418-113923.jpg,c2_20250418-113923.jpg,19.3,100.0,15.0,0.0,0.0,0.0,13.0,
117,Session_20250418-113313_SSE,20250418-113933_p37,c1_20250418-113933.jpg,c2_20250418-113933.jpg,19.3,100.0,15.0,0.0,0.0,0.0,13.0,
118,Session_20250418-113313_SSE,20250418-113944_p38,c1_20250418-113944.jpg,c2_20250418-113944.jpg,19.3,100.0,15.0,0.0,0.0,0.0,13.0,
119,Session_20250418-113313_SSE,20250418-113955_p39,c1_20250418-113955.jpg,c2_20250418-113955.jpg,19.3,100.0,15.0,0.0,0.0,0.0,13.0,
120,Session_20250418-113313_SSE,20250418-114005_p40,c1_20250418-114005.jpg,c2_20250418-114005.jpg,19.3,100.0,15.0,0.0,0.0,0.0,12.9,
121,Session_20250418-113313_SSE,20250418-114015_p41,c1_20250418-114015.jpg,c2_20250418-114015.jpg,19.3,100.0,15.0,0.0,0.0,0.0,13.0,
122,Session_20250418-113313_SSE,20250418-114026_p42,c1_20250418-114026.jpg,c2_20250418-114026.jpg,19.4,100.0,15.0,0.0,0.0,0.0,12.9,
123,Session_20250418-113313_SSE,20250418-114037_p43,c1_20250418-114037.jpg,c2_20250418-114037.jpg,19.3,100.0,15.0,0.0,0.0,0.0,12.8,
124,Session_20250418-113313_SSE,20250418-114048_p44,c1_20250418-114048.jpg,c2_20250418-114048.jpg,19.3,100.0,15.0,0.0,0.0,0.0,12.8,
125,Session_20250418-113313_SSE,20250418-114058_p45,c1_20250418-114058.jpg,c2_20250418-114058.jpg,19.3,100.0,15.0,0.0,0.0,0.0,12.8,
126,Session_20250418-113313_SSE,20250418-114109_p46,c1_20250418-114109.jpg,c2_20250418-114109.jpg,19.3,100.0,15.0,0.0,0.0,0.0,12.8,
127,Session_20250418-113313_SSE,20250418-114119_p47,c1_20250418-114119.jpg,c2_20250418-114119.jpg,19.4,100.0,15.0,0.0,0.0,0.0,12.8,
128,Session_20250418-113313_SSE,20250418-114130_p48,c1_20250418-114130.jpg,c2_20250418-114130.jpg,19.4,100.0,15.0,0.0,0.0,0.0,12.8,
129,Session_20250418-113313_SSE,20250418-114140_p49,c1_20250418-114140.jpg,c2_20250418-114140.jpg,19.4,100.0,15.0,0.0,0.0,0.0,12.9,
130,Session_20250418-113313_SSE,20250418-114151_p50,c1_20250418-114151.jpg,c2_20250418-114151.jpg,19.3,100.0,15.0,0.0,0.0,0.0,12.8,
131,Session_20250418-113313_SSE,20250418-114201_p51,c1_20250418-114201.jpg,c2_20250418-114201.jpg,19.4,100.0,15.0,0.0,0.0,0.0,12.8,
132,Session_20250418-113313_SSE,20250418-114212_p52,c1_20250418-114212.jpg,c2_20250418-114212.jpg,19.3,100.0,15.0,0.0,0.0,0.0,12.8,
133,Session_20250418-113313_SSE,20250418-114222_p53,c1_20250418-114222.jpg,c2_20250418-114222.jpg,19.3,100.0,15.0,0.0,0.0,0.0,12.9,
134,Session_20250418-113313_SSE,20250418-114233_p54,c1_20250418-114233.jpg,c2_20250418-114233.jpg,19.3,100.0,15.0,0.0,0.0,0.0,12.8,
135,Session_20250418-113313_SSE,20250418-114243_p55,c1_20250418-114243.jpg,c2_20250418-114243.jpg,19.3,100.0,15.0,0.0,0.0,0.0,12.8,
136,Session_20250418-113313_SSE,20250418-114253_p56,c1_20250418-114253.jpg,c2_20250418-114253.jpg,19.3,100.0,15.0,0.0,0.0,0.0,12.8,
137,Session_20250418-113313_SSE,20250418-114303_p57,c1_20250418-114303.jpg,c2_20250418-114303.jpg,19.3,100.0,15.0,0.0,0.0,0.0,12.8,
138,Session_20250418-113313_SSE,20250418-114314_p58,c1_20250418-114314.jpg,c2_20250418-114314.jpg,19.3,100.0,15.0,0.0,0.0,0.0,12.8,
139,Session_20250418-113313_SSE,20250418-114324_p59,c1_20250418-114324.jpg,c2_20250418-114324.jpg,19.4,100.0,15.0,0.0,0.0,0.0,12.8,
140,Session_20250418-113313_SSE,20250418-114335_p60,c1_20250418-114335.jpg,c2_20250418-114335.jpg,19.3,100.0,15.0,0.0,0.0,0.0,12.8,
141,Session_20250418-113313_SSE,20250418-114345_p61,c1_20250418-114345.jpg,c2_20250418-114345.jpg,19.3,100.0,15.0,0.0,0.0,0.0,12.8,
142,Session_20250418-113313_SSE,20250418-114356_p62,c1_20250418-114356.jpg,c2_20250418-114356.jpg,19.3,100.0,15.0,0.0,0.0,0.0,12.8,
143,Session_20250418-113313_SSE,20250418-114407_p63,c1_20250418-114407.jpg,c2_20250418-114407.jpg,19.3,100.0,15.0,0.0,0.0,0.0,12.8,
144,Session_20250418-113313_SSE,20250418-114417_p64,c1_20250418-114417.jpg,c2_20250418-114417.jpg,19.3,100.0,15.0,0.0,0.0,0.0,12.8,
145,Session_20250418-113313_SSE,20250418-114428_p65,c1_20250418-114428.jpg,c2_20250418-114428.jpg,19.3,100.0,15.0,0.0,0.0,0.0,12.8,
146,Session_20250418-113313_SSE,20250418-114438_p66,c1_20250418-114438.jpg,c2_20250418-114438.jpg,19.3,100.0,15.0,0.0,0.0,0.0,12.9,
147,Session_20250418-113313_SSE,20250418-114449_p67,c1_20250418-114449.jpg,c2_20250418-114449.jpg,19.3,100.0,15.0,0.0,0.0,0.0,12.9,
148,Session_20250418-113313_SSE,20250418-114459_p68,c1_20250418-114459.jpg,c2_20250418-114459.jpg,19.3,100.0,15.0,0.0,0.0,0.0,12.8,
149,Session_20250418-113313_SSE,20250418-114510_p69,c1_20250418-114510.jpg,c2_20250418-114510.jpg,19.3,100.0,15.0,0.0,0.0,0.0,12.9,
150,Session_20250418-113313_SSE,20250418-114520_p70,c1_20250418-114520.jpg,c2_20250418-114520.jpg,19.4,100.0,15.0,0.0,0.0,0.0,12.9,
151,Session_20250418-113313_SSE,20250418-114531_p71,c1_20250418-114531.jpg,c2_20250418-114531.jpg,19.4,100.0,15.0,0.0,0.0,0.0,12.9,
152,Session_20250418-113313_SSE,20250418-114541_p72,c1_20250418-114541.jpg,c2_20250418-114541.jpg,19.3,100.0,15.0,0.0,0.0,0.0,12.8,
153,Session_20250418-113313_SSE,20250418-114552_p73,c1_20250418-114552.jpg,c2_20250418-114552.jpg,19.3,100.0,15.0,0.0,0.0,0.0,12.9,
154,Session_20250418-113313_SSE,20250418-114602_p74,c1_20250418-114602.jpg,c2_20250418-114602.jpg,19.4,100.0,15.0,0.0,0.0,0.0,12.9,
155,Session_20250418-113313_SSE,20250418-114613_p75,c1_20250418-114613.jpg,c2_20250418-114613.jpg,19.3,100.0,15.0,0.0,0.0,0.0,12.9,
156,Session_20250418-113313_SSE,20250418-114624_p76,c1_20250418-114624.jpg,c2_20250418-114624.jpg,19.4,100.0,15.0,0.0,0.0,0.0,12.9,
157,Session_20250418-113313_SSE,20250418-114634_p77,c1_20250418-114634.jpg,c2_20250418-114634.jpg,19.4,100.0,15.0,0.0,0.0,0.0,12.8,
158,Session_20250418-113313_SSE,20250418-114645_p78,c1_20250418-114645.jpg,c2_20250418-114645.jpg,19.4,100.0,15.0,0.0,0.0,0.0,12.8,
159,Session_20250418-113313_SSE,20250418-114655_p79,c1_20250418-114655.jpg,c2_20250418-114655.jpg,19.4,100.0,15.0,0.0,0.0,0.0,12.9,
160,Session_20250418-113313_SSE,20250418-114706_p80,c1_20250418-114706.jpg,c2_20250418-114706.jpg,19.4,100.0,15.0,0.0,0.0,0.0,12.8,
161,Session_20250418-113313_SSE,20250418-114717_p81,c1_20250418-114717.jpg,c2_20250418-114717.jpg,19.3,100.0,15.0,0.0,0.0,0.0,12.8,
162,Session_20250418-113313_SSE,20250418-114727_p82,c1_20250418-114727.jpg,c2_20250418-114727.jpg,19.4,100.0,15.0,0.0,0.0,0.0,12.9,
163,Session_20250418-113313_SSE,20250418-114738_p83,c1_20250418-114738.jpg,c2_20250418-114738.jpg,19.4,100.0,15.0,0.0,0.0,0.0,12.8,
164,Session_20250418-113313_SSE,20250418-114748_p84,c1_20250418-114748.jpg,c2_20250418-114748.jpg,19.4,100.0,15.0,0.0,0.0,0.0,12.8,
165,Session_20250418-113313_SSE,20250418-114759_p85,c1_20250418-114759.jpg,c2_20250418-114759.jpg,19.4,100.0,15.0,0.0,0.0,0.0,12.8,
166,Session_20250418-113313_SSE,20250418-114809_p86,c1_20250418-114809.jpg,c2_20250418-114809.jpg,19.4,100.0,15.0,0.0,0.0,0.0,12.7,
167,Session_20250418-113313_SSE,20250418-114820_p87,c1_20250418-114820.jpg,c2_20250418-114820.jpg,19.4,100.0,15.0,0.0,0.0,0.0,12.8,
168,Session_20250418-113313_SSE,20250418-114830_p88,c1_20250418-114830.jpg,c2_20250418-114830.jpg,19.4,100.0,15.0,0.0,0.0,0.0,12.8,
169,Session_20250418-113313_SSE,20250418-114841_p89,c1_20250418-114841.jpg,c2_20250418-114841.jpg,19.4,100.0,15.0,0.0,0.0,0.0,12.8,
170,Session_20250418-113313_SSE,20250418-114851_p90,c1_20250418-114851.jpg,c2_20250418-114851.jpg,19.4,100.0,15.0,0.0,0.0,0.0,12.7,
171,Session_20250418-113313_SSE,20250418-114901_p91,c1_20250418-114901.jpg,c2_20250418-114901.jpg,19.4,100.0,15.0,0.0,0.0,0.0,12.8,
172,Session_20250418-113313_SSE,20250418-114912_p92,c1_20250418-114912.jpg,c2_20250418-114912.jpg,19.4,100.0,15.0,0.0,0.0,0.0,12.8,
173,Session_20250418-113313_SSE,20250418-114923_p93,c1_20250418-114923.jpg,c2_20250418-114923.jpg,19.4,100.0,15.0,0.0,0.0,0.0,12.8,
174,Session_20250418-113313_SSE,20250418-114933_p94,c1_20250418-114933.jpg,c2_20250418-114933.jpg,19.4,100.0,15.0,0.0,0.0,0.0,12.8,
175,Session_20250418-113313_SSE,20250418-114944_p95,c1_20250418-114944.jpg,c2_20250418-114944.jpg,19.4,100.0,15.0,0.0,0.0,0.0,12.8,
176,Session_20250418-113313_SSE,20250418-114954_p96,c1_20250418-114954.jpg,c2_20250418-114954.jpg,19.4,100.0,15.0,0.0,0.0,0.0,12.7,
177,Session_20250418-113313_SSE,20250418-115005_p97,c1_20250418-115005.jpg,c2_20250418-115005.jpg,19.4,100.0,15.0,0.0,0.0,0.0,12.8,
178,Session_20250418-113313_SSE,20250418-115015_p98,c1_20250418-115015.jpg,c2_20250418-115015.jpg,19.4,100.0,15.0,0.0,0.0,0.0,12.7,
179,Session_20250418-113313_SSE,20250418-115026_p99,c1_20250418-115026.jpg,c2_20250418-115026.jpg,19.4,100.0,15.0,0.0,0.0,0.0,12.8,
180,Session_20250418-113313_SSE,20250418-115036_p100,c1_20250418-115036.jpg,c2_20250418-115036.jpg,19.4,100.0,15.0,0.0,0.0,0.0,12.7,
181,Session_20250418-113313_SSE,20250418-115048_p101,c1_20250418-115048.jpg,c2_20250418-115048.jpg,19.4,100.0,15.0,0.0,0.0,0.0,12.7,
182,Session_20250418-113313_SSE,20250418-115058_p102,c1_20250418-115058.jpg,c2_20250418-115058.jpg,19.4,100.0,15.0,0.0,0.0,0.0,12.8,
183,Session_20250418-113313_SSE,20250418-115109_p103,c1_20250418-115109.jpg,c2_20250418-115109.jpg,19.4,100.0,15.0,0.0,0.0,0.0,12.8,
184,Session_20250418-113313_SSE,20250418-115119_p104,c1_20250418-115119.jpg,c2_20250418-115119.jpg,19.4,100.0,15.0,0.0,0.0,0.0,12.8,
185,Session_20250418-113313_SSE,20250418-115130_p105,c1_20250418-115130.jpg,c2_20250418-115130.jpg,19.4,100.0,15.0,0.0,0.0,0.0,12.7,
186,Session_20250418-113313_SSE,20250418-115141_p106,c1_20250418-115141.jpg,c2_20250418-115141.jpg,19.4,100.0,15.0,0.0,0.0,0.0,12.7,
187,Session_20250418-113313_SSE,20250418-115152_p107,c1_20250418-115152.jpg,c2_20250418-115152.jpg,19.4,100.0,15.0,0.0,0.0,0.0,12.8,
188,Session_20250418-113313_SSE,20250418-115203_p108,c1_20250418-115203.jpg,c2_20250418-115203.jpg,19.4,100.0,15.0,0.0,0.0,0.0,12.7,
189,Session_20250418-113313_SSE,20250418-115214_p109,c1_20250418-115214.jpg,c2_20250418-115214.jpg,19.4,100.0,15.0,0.0,0.0,0.0,12.7,
190,Session_20250418-113313_SSE,20250418-115224_p110,c1_20250418-115224.jpg,c2_20250418-115224.jpg,19.4,100.0,15.0,0.0,0.0,0.0,12.7,
191,Session_20250418-113313_SSE,20250418-115235_p111,c1_20250418-115235.jpg,c2_20250418-115235.jpg,19.4,100.0,15.0,0.0,0.0,0.0,12.8,
192,Session_20250418-113313_SSE,20250418-115246_p112,c1_20250418-115246.jpg,c2_20250418-115246.jpg,19.4,100.0,15.0,0.0,0.0,0.0,12.8,
193,Session_20250418-113313_SSE,20250418-115257_p113,c1_20250418-115257.jpg,c2_20250418-115257.jpg,19.4,100.0,15.0,0.0,0.0,0.0,12.7,
194,Session_20250418-113313_SSE,20250418-115308_p114,c1_20250418-115308.jpg,c2_20250418-115308.jpg,19.4,100.0,15.0,0.0,0.0,0.0,12.7,
195,Session_20250418-113313_SSE,20250418-115318_p115,c1_20250418-115318.jpg,c2_20250418-115318.jpg,19.4,100.0,15.0,0.0,0.0,0.0,12.8,
196,Session_20250418-113313_SSE,20250418-115329_p116,c1_20250418-115329.jpg,c2_20250418-115329.jpg,19.4,100.0,15.0,0.0,0.0,0.0,12.7,
197,Session_20250418-113313_SSE,20250418-115340_p117,c1_20250418-115340.jpg,c2_20250418-115340.jpg,19.4,100.0,15.0,0.0,0.0,0.0,12.7,
198,Session_20250418-113313_SSE,20250418-115351_p118,c1_20250418-115351.jpg,c2_20250418-115351.jpg,19.4,100.0,15.0,0.0,0.0,0.0,12.8,
199,Session_20250418-113313_SSE,20250418-115401_p119,c1_20250418-115401.jpg,c2_20250418-115401.jpg,19.4,100.0,15.0,0.0,0.0,0.0,12.7,
200,Session_20250418-113313_SSE,20250418-115412_p120,c1_20250418-115412.jpg,c2_20250418-115412.jpg,19.4,100.0,15.0,0.0,0.0,0.0,12.7,
201,Session_20250418-113313_SSE,20250418-115423_p121,c1_20250418-115423.jpg,c2_20250418-115423.jpg,19.4,100.0,15.0,0.0,0.0,0.0,12.8,
202,Session_20250418-113313_SSE,20250418-115433_p122,c1_20250418-115433.jpg,c2_20250418-115433.jpg,19.4,100.0,15.0,0.0,0.0,0.0,12.8,
203,Session_20250418-113313_SSE,20250418-115444_p123,c1_20250418-115444.jpg,c2_20250418-115444.jpg,19.4,100.0,15.0,0.0,0.0,0.0,12.8,
204,Session_20250418-113313_SSE,20250418-115455_p124,c1_20250418-115455.jpg,c2_20250418-115455.jpg,19.4,100.0,15.0,0.0,0.0,0.0,12.8,
205,Session_20250418-113313_SSE,20250418-115505_p125,c1_20250418-115505.jpg,c2_20250418-115505.jpg,19.4,100.0,15.0,0.0,0.0,0.0,12.8,
206,Session_20250418-113313_SSE,20250418-115516_p126,c1_20250418-115516.jpg,c2_20250418-115516.jpg,19.4,100.0,15.0,0.0,0.0,0.0,12.8,
207,Session_20250418-113313_SSE,20250418-115527_p127,c1_20250418-115527.jpg,c2_20250418-115527.jpg,19.4,100.0,15.0,0.0,0.0,0.0,12.8,
208,Session_20250418-113313_SSE,20250418-115538_p128,c1_20250418-115538.jpg,c2_20250418-115538.jpg,19.4,100.0,15.0,0.0,0.0,0.0,12.7,
209,Session_20250418-113313_SSE,20250418-115548_p129,c1_20250418-115548.jpg,c2_20250418-115548.jpg,19.4,100.0,15.0,0.0,0.0,0.0,12.8,
210,Session_20250418-113313_SSE,20250418-115559_p130,c1_20250418-115559.jpg,c2_20250418-115559.jpg,19.4,100.0,15.0,0.0,0.0,0.0,12.7,
211,Session_20250418-113313_SSE,20250418-115610_p131,c1_20250418-115610.jpg,c2_20250418-115610.jpg,19.4,100.0,15.0,0.0,0.0,0.0,12.7,
212,Session_20250418-113313_SSE,20250418-115621_p132,c1_20250418-115621.jpg,c2_20250418-115621.jpg,19.4,100.0,15.0,0.0,0.0,0.0,12.8,
213,Session_20250418-113313_SSE,20250418-115631_p133,c1_20250418-115631.jpg,c2_20250418-115631.jpg,19.4,100.0,15.0,0.0,0.0,0.0,12.7,
214,Session_20250418-113313_SSE,20250418-115642_p134,c1_20250418-115642.jpg,c2_20250418-115642.jpg,19.4,100.0,15.0,0.0,0.0,0.0,12.7,
215,Session_20250418-113313_SSE,20250418-115652_p135,c1_20250418-115652.jpg,c2_20250418-115652.jpg,19.4,100.0,15.0,0.0,0.0,0.0,12.7,
216,Session_20250418-113313_SSE,20250418-115703_p136,c1_20250418-115703.jpg,c2_20250418-115703.jpg,19.4,100.0,15.0,0.0,0.0,0.0,12.8,
217,Session_20250418-113313_SSE,20250418-115713_p137,c1_20250418-115713.jpg,c2_20250418-115713.jpg,19.4,100.0,15.0,0.0,0.0,0.0,12.8,
218,Session_20250418-113313_SSE,20250418-115724_p138,c1_20250418-115724.jpg,c2_20250418-115724.jpg,19.4,100.0,15.0,0.0,0.0,0.0,12.8,
219,Session_20250418-113313_SSE,20250418-115735_p139,c1_20250418-115735.jpg,c2_20250418-115735.jpg,19.4,100.0,15.0,0.0,0.0,0.0,12.8,
220,Session_20250418-113313_SSE,20250418-115746_p140,c1_20250418-115746.jpg,c2_20250418-115746.jpg,19.4,100.0,15.0,0.0,0.0,0.0,12.8,
221,Session_20250418-113313_SSE,20250418-115757_p141,c1_20250418-115757.jpg,c2_20250418-115757.jpg,19.4,100.0,15.0,0.0,0.0,0.0,12.9,
222,Session_20250418-113313_SSE,20250418-115808_p142,c1_20250418-115808.jpg,c2_20250418-115808.jpg,19.4,100.0,15.0,0.0,0.0,0.0,12.9,
223,Session_20250418-113313_SSE,20250418-115819_p143,c1_20250418-115819.jpg,c2_20250418-115819.jpg,19.4,100.0,15.0,0.0,0.0,0.0,12.9,
224,Session_20250418-113313_SSE,20250418-115830_p144,c1_20250418-115830.jpg,c2_20250418-115830.jpg,19.4,100.0,15.0,0.0,0.0,0.0,12.9,
225,Session_20250418-113313_SSE,20250418-115841_p145,c1_20250418-115841.jpg,c2_20250418-115841.jpg,19.4,100.0,15.0,0.0,0.0,0.0,12.8,
226,Session_20250418-113313_SSE,20250418-115852_p146,c1_20250418-115852.jpg,c2_20250418-115852.jpg,19.5,100.0,15.0,0.0,0.0,0.0,12.9,
227,Session_20250418-113313_SSE,20250418-115903_p147,c1_20250418-115903.jpg,c2_20250418-115903.jpg,19.4,100.0,15.0,0.0,0.0,0.0,12.9,
228,Session_20250418-113313_SSE,20250418-115913_p148,c1_20250418-115913.jpg,c2_20250418-115913.jpg,19.4,100.0,15.0,0.0,0.0,0.0,12.9,
229,Session_20250418-113313_SSE,20250418-115923_p149,c1_20250418-115923.jpg,c2_20250418-115923.jpg,19.4,100.0,15.0,0.0,0.0,0.0,12.9,
230,Session_20250418-113313_SSE,20250418-115934_p150,c1_20250418-115934.jpg,c2_20250418-115934.jpg,19.5,100.0,15.0,0.0,0.0,0.0,12.8,
231,Session_20250418-113313_SSE,20250418-115944_p151,c1_20250418-115944.jpg,c2_20250418-115944.jpg,19.5,100.0,15.0,0.0,0.0,0.0,12.8,
232,Session_20250418-113313_SSE,20250418-115955_p152,c1_20250418-115955.jpg,c2_20250418-115955.jpg,19.5,100.0,15.0,0.0,0.0,0.0,12.8,
233,Session_20250418-113313_SSE,20250418-120005_p153,c1_20250418-120005.jpg,c2_20250418-120005.jpg,19.5,100.0,15.0,0.0,0.0,0.0,12.9,
234,Session_20250418-113313_SSE,20250418-120016_p154,c1_20250418-120016.jpg,c2_20250418-120016.jpg,19.5,100.0,15.0,0.0,0.0,0.0,12.8,
235,Session_20250418-113313_SSE,20250418-120026_p155,c1_20250418-120026.jpg,c2_20250418-120026.jpg,19.5,100.0,15.0,0.0,0.0,0.0,12.8,
236,Session_20250418-113313_SSE,20250418-120036_p156,c1_20250418-120036.jpg,c2_20250418-120036.jpg,19.5,100.0,15.0,0.0,0.0,0.0,12.8,
237,Session_20250418-113313_SSE,20250418-120047_p157,c1_20250418-120047.jpg,c2_20250418-120047.jpg,19.5,100.0,15.0,0.0,0.0,0.0,12.8,
238,Session_20250418-113313_SSE,20250418-120057_p158,c1_20250418-120057.jpg,c2_20250418-120057.jpg,19.5,100.0,15.0,0.0,0.0,0.0,12.8,
239,Session_20250418-113313_SSE,20250418-120108_p159,c1_20250418-120108.jpg,c2_20250418-120108.jpg,19.5,100.0,15.0,0.0,0.0,0.0,12.8,
240,Session_20250418-113313_SSE,20250418-120118_p160,c1_20250418-120118.jpg,c2_20250418-120118.jpg,19.5,100.0,15.0,0.0,0.0,0.0,12.8,
241,Session_20250418-113313_SSE,20250418-120129_p161,c1_20250418-120129.jpg,c2_20250418-120129.jpg,19.5,100.0,15.0,0.0,0.0,0.0,12.8,
242,Session_20250418-113313_SSE,20250418-120139_p162,c1_20250418-120139.jpg,c2_20250418-120139.jpg,19.5,100.0,15.0,0.0,0.0,0.0,12.8,
243,Session_20250418-113313_SSE,20250418-120150_p163,c1_20250418-120150.jpg,c2_20250418-120150.jpg,19.5,100.0,15.0,0.0,0.0,0.0,12.7,
244,Session_20250418-113313_SSE,20250418-120200_p164,c1_20250418-120200.jpg,c2_20250418-120200.jpg,19.5,100.0,15.0,0.0,0.0,0.0,12.7,
245,Session_20250418-113313_SSE,20250418-120211_p165,c1_20250418-120211.jpg,c2_20250418-120211.jpg,19.5,100.0,15.0,0.0,0.0,0.0,12.7,
246,Session_20250418-113313_SSE,20250418-120221_p166,c1_20250418-120221.jpg,c2_20250418-120221.jpg,19.5,100.0,15.0,0.0,0.0,0.0,12.7,
247,Session_20250418-113313_SSE,20250418-120232_p167,c1_20250418-120232.jpg,c2_20250418-120232.jpg,19.5,100.0,15.0,0.0,0.0,0.0,12.7,
248,Session_20250418-113313_SSE,20250418-120242_p168,c1_20250418-120242.jpg,c2_20250418-120242.jpg,19.5,100.0,15.0,0.0,0.0,0.0,12.7,
249,Session_20250418-113313_SSE,20250418-120253_p169,c1_20250418-120253.jpg,c2_20250418-120253.jpg,19.5,100.0,15.0,0.0,0.0,0.0,12.8,
250,Session_20250418-113313_SSE,20250418-120303_p170,c1_20250418-120303.jpg,c2_20250418-120303.jpg,19.5,100.0,15.0,0.0,0.0,0.0,12.7,
251,Session_20250418-113313_SSE,20250418-120314_p171,c1_20250418-120314.jpg,c2_20250418-120314.jpg,19.5,100.0,15.0,0.0,0.0,0.0,12.7,
252,Session_20250418-113313_SSE,20250418-120324_p172,c1_20250418-120324.jpg,c2_20250418-120324.jpg,19.5,100.0,15.0,0.0,0.0,0.0,12.6,
253,Session_20250418-113313_SSE,20250418-120335_p173,c1_20250418-120335.jpg,c2_20250418-120335.jpg,19.5,100.0,15.0,0.0,0.0,0.0,12.6,
254,Session_20250418-113313_SSE,20250418-120346_p174,c1_20250418-120346.jpg,c2_20250418-120346.jpg,19.5,100.0,15.0,0.0,0.0,0.0,12.6,
255,Session_20250418-113313_SSE,20250418-120356_p175,c1_20250418-120356.jpg,c2_20250418-120356.jpg,19.5,100.0,15.0,0.0,0.0,0.0,12.6,
256,Session_20250418-113313_SSE,20250418-120407_p176,c1_20250418-120407.jpg,c2_20250418-120407.jpg,19.5,100.0,15.0,0.0,0.0,0.0,12.6,
257,Session_20250418-113313_SSE,20250418-120417_p177,c1_20250418-120417.jpg,c2_20250418-120417.jpg,19.5,100.0,15.0,0.0,0.0,0.0,12.7,
258,Session_20250418-113313_SSE,20250418-120427_p178,c1_20250418-120427.jpg,c2_20250418-120427.jpg,19.5,100.0,15.0,0.0,0.0,0.0,12.6,
259,Session_20250418-113313_SSE,20250418-120438_p179,c1_20250418-120438.jpg,c2_20250418-120438.jpg,19.5,100.0,15.0,0.0,0.0,0.0,12.6,
260,Session_20250418-113313_SSE,20250418-120448_p180,c1_20250418-120448.jpg,c2_20250418-120448.jpg,19.5,100.0,15.0,0.0,0.0,0.0,12.6,
261,Session_20250418-113313_SSE,20250418-120459_p181,c1_20250418-120459.jpg,c2_20250418-120459.jpg,19.5,100.0,15.0,0.0,0.0,0.0,12.6,
262,Session_20250418-113313_SSE,20250418-120509_p182,c1_20250418-120509.jpg,c2_20250418-120509.jpg,19.5,100.0,15.0,0.0,0.0,0.0,12.6,
263,Session_20250418-113313_SSE,20250418-120520_p183,c1_20250418-120520.jpg,c2_20250418-120520.jpg,19.5,100.0,15.0,0.0,0.0,0.0,12.6,
264,Session_20250418-113313_SSE,20250418-120530_p184,c1_20250418-120530.jpg,c2_20250418-120530.jpg,19.5,100.0,15.0,0.0,0.0,0.0,12.6,
265,Session_20250418-113313_SSE,20250418-120541_p185,c1_20250418-120541.jpg,c2_20250418-120541.jpg,19.4,100.0,15.0,0.0,0.0,0.0,12.6,
266,Session_20250418-113313_SSE,20250418-120551_p186,c1_20250418-120551.jpg,c2_20250418-120551.jpg,19.4,100.0,15.0,0.0,0.0,0.0,12.6,
267,Session_20250418-113313_SSE,20250418-120602_p187,c1_20250418-120602.jpg,c2_20250418-120602.jpg,19.4,100.0,15.0,0.0,0.0,0.0,12.6,
268,Session_20250418-113313_SSE,20250418-120612_p188,c1_20250418-120612.jpg,c2_20250418-120612.jpg,19.4,100.0,15.0,0.0,0.0,0.0,12.5,
269,Session_20250418-113313_SSE,20250418-120623_p189,c1_20250418-120623.jpg,c2_20250418-120623.jpg,19.4,100.0,15.0,0.0,0.0,0.0,12.6,
270,Session_20250418-113313_SSE,20250418-120634_p190,c1_20250418-120634.jpg,c2_20250418-120634.jpg,19.4,100.0,15.0,0.0,0.0,0.0,12.5,
271,Session_20250418-113313_SSE,20250418-120644_p191,c1_20250418-120644.jpg,c2_20250418-120644.jpg,19.5,100.0,15.0,0.0,0.0,0.0,12.6,
272,Session_20250418-113313_SSE,20250418-120655_p192,c1_20250418-120655.jpg,c2_20250418-120655.jpg,19.4,100.0,15.0,0.0,0.0,0.0,12.5,
273,Session_20250418-113313_SSE,20250418-120706_p193,c1_20250418-120706.jpg,c2_20250418-120706.jpg,19.4,100.0,15.0,0.0,0.0,0.0,12.6,
274,Session_20250418-113313_SSE,20250418-120716_p194,c1_20250418-120716.jpg,c2_20250418-120716.jpg,19.5,100.0,15.0,0.0,0.0,0.0,12.6,
275,Session_20250418-113313_SSE,20250418-120727_p195,c1_20250418-120727.jpg,c2_20250418-120727.jpg,19.4,100.0,15.0,0.0,0.0,0.0,12.5,
276,Session_20250418-113313_SSE,20250418-120738_p196,c1_20250418-120738.jpg,c2_20250418-120738.jpg,19.4,100.0,15.0,0.0,0.0,0.0,12.6,
277,Session_20250418-113313_SSE,20250418-120748_p197,c1_20250418-120748.jpg,c2_20250418-120748.jpg,19.4,100.0,15.0,0.0,0.0,0.0,12.5,
278,Session_20250418-113313_SSE,20250418-120759_p198,c1_20250418-120759.jpg,c2_20250418-120759.jpg,19.5,100.0,15.0,0.0,0.0,0.0,12.6,
279,Session_20250418-113313_SSE,20250418-120809_p199,c1_20250418-120809.jpg,c2_20250418-120809.jpg,19.4,100.0,15.0,0.0,0.0,0.0,12.5,
280,Session_20250418-113313_SSE,20250418-120820_p200,c1_20250418-120820.jpg,c2_20250418-120820.jpg,19.5,100.0,15.0,0.0,0.0,0.0,12.6,
281,Session_20250418-113313_SSE,20250418-120830_p201,c1_20250418-120830.jpg,c2_20250418-120830.jpg,19.4,100.0,15.0,0.0,0.0,0.0,12.5,
282,Session_20250418-113313_SSE,20250418-120841_p202,c1_20250418-120841.jpg,c2_20250418-120841.jpg,19.5,100.0,15.0,0.0,0.0,0.0,12.6,
283,Session_20250418-113313_SSE,20250418-120852_p203,c1_20250418-120852.jpg,c2_20250418-120852.jpg,19.5,100.0,15.0,0.0,0.0,0.0,12.6,
284,Session_20250418-113313_SSE,20250418-120902_p204,c1_20250418-120902.jpg,c2_20250418-120902.jpg,19.5,100.0,15.0,0.0,0.0,0.0,12.6,
285,Session_20250418-113313_SSE,20250418-120913_p205,c1_20250418-120913.jpg,c2_20250418-120913.jpg,19.5,100.0,15.0,0.0,0.0,0.0,12.6,
286,Session_20250418-113313_SSE,20250418-120923_p206,c1_20250418-120923.jpg,c2_20250418-120923.jpg,19.5,100.0,15.0,0.0,0.0,0.0,12.5,
287,Session_20250418-113313_SSE,20250418-121003_p207,,c2_20250418-121003.jpg,19.5,100.0,15.0,0.0,0.0,0.0,12.7,
288,Session_20250418-113313_SSE,20250418-121013_p208,,c2_20250418-121013.jpg,19.5,100.0,15.0,0.0,0.0,0.0,12.6,
289,Session_20250418-113313_SSE,20250418-121024_p209,,c2_20250418-121024.jpg,19.5,100.0,15.0,0.0,0.0,0.0,12.6,
290,Session_20250418-113313_SSE,20250418-121034_p210,,c2_20250418-121034.jpg,19.5,100.0,15.0,0.0,0.0,0.0,12.5,
291,Session_20250418-113313_SSE,20250418-121045_p211,,c2_20250418-121045.jpg,19.5,100.0,15.0,0.0,0.0,0.0,12.5,
292,Session_20250418-113313_SSE,20250418-121055_p212,,c2_20250418-121055.jpg,19.5,100.0,15.0,0.0,0.0,0.0,12.6,
293,Session_20250418-113313_SSE,20250418-121106_p213,,c2_20250418-121106.jpg,19.5,100.0,15.0,0.0,0.0,0.0,12.5,
294,Session_20250418-113313_SSE,20250418-121117_p214,,c2_20250418-121117.jpg,19.5,100.0,15.0,0.0,0.0,0.0,12.5,
295,Session_20250418-113313_SSE,20250418-121127_p215,,c2_20250418-121127.jpg,19.5,100.0,15.0,0.0,0.0,0.0,12.5,
296,Session_20250418-113313_SSE,20250418-121138_p216,,c2_20250418-121138.jpg,19.5,100.0,15.0,0.0,0.0,0.0,12.5,
297,Session_20250418-113313_SSE,20250418-121148_p217,,c2_20250418-121148.jpg,19.5,100.0,15.0,0.0,0.0,0.0,12.5,
298,Session_20250418-113313_SSE,20250418-121158_p218,,c2_20250418-121158.jpg,19.5,100.0,15.0,0.0,0.0,0.0,12.5,
299,Session_20250418-113313_SSE,20250418-121209_p219,,c2_20250418-121209.jpg,19.5,100.0,15.0,0.0,0.0,0.0,12.4,
300,Session_20250418-113313_SSE,20250418-121219_p220,,c2_20250418-121219.jpg,19.5,100.0,15.0,0.0,0.0,0.0,12.4,
301,Session_20250418-113313_SSE,20250418-121229_p221,,c2_20250418-121229.jpg,19.5,100.0,15.0,0.0,0.0,0.0,12.4,
302,Session_20250418-113313_SSE,20250418-121239_p222,,c2_20250418-121239.jpg,19.5,100.0,15.0,0.0,0.0,0.0,12.4,
303,Session_20250418-113313_SSE,20250418-121250_p223,,c2_20250418-121250.jpg,19.5,100.0,15.0,0.0,0.0,0.0,12.3,
304,Session_20250418-113313_SSE,20250418-121300_p224,,c2_20250418-121300.jpg,19.5,100.0,15.0,0.0,0.0,0.0,12.3,
305,Session_20250418-113313_SSE,20250418-121310_p225,,c2_20250418-121310.jpg,19.5,100.0,15.0,0.0,0.0,0.0,12.3,
306,Session_20250418-113313_SSE,20250418-121320_p226,,c2_20250418-121320.jpg,19.5,100.0,15.0,0.0,0.0,0.0,12.3,
307,Session_20250418-113313_SSE,20250418-121331_p227,,c2_20250418-121331.jpg,19.5,100.0,15.0,0.0,0.0,0.0,12.3,
308,Session_20250418-113313_SSE,20250418-121341_p228,,c2_20250418-121341.jpg,19.5,100.0,15.0,0.0,0.0,0.0,12.3,
309,Session_20250418-113313_SSE,20250418-121352_p229,,c2_20250418-121352.jpg,19.5,100.0,15.0,0.0,0.0,0.0,12.2,
310,Session_20250418-113313_SSE,20250418-121402_p230,,c2_20250418-121402.jpg,19.5,100.0,15.0,0.0,0.0,0.0,12.2,
311,Session_20250418-113313_SSE,20250418-121413_p231,,c2_20250418-121413.jpg,19.5,100.0,15.0,0.0,0.0,0.0,12.3,
312,Session_20250418-113313_SSE,20250418-121424_p232,,c2_20250418-121424.jpg,19.5,100.0,15.0,0.0,0.0,0.0,12.2,
313,Session_20250418-113313_SSE,20250418-121434_p233,,c2_20250418-121434.jpg,19.5,100.0,15.0,0.0,0.0,0.0,12.2,
314,Session_20250418-113313_SSE,20250418-121445_p234,,c2_20250418-121445.jpg,19.5,100.0,15.0,0.0,0.0,0.0,12.2,
315,Session_20250418-113313_SSE,20250418-121455_p235,,c2_20250418-121455.jpg,19.5,100.0,15.0,0.0,0.0,0.0,12.2,
316,Session_20250418-113313_SSE,20250418-121506_p236,,c2_20250418-121506.jpg,19.5,100.0,15.0,0.0,0.0,0.0,12.2,
317,Session_20250418-113313_SSE,20250418-121516_p237,,c2_20250418-121516.jpg,19.5,100.0,15.0,0.0,0.0,0.0,12.3,
318,Session_20250418-113313_SSE,20250418-121527_p238,,c2_20250418-121527.jpg,19.5,100.0,15.0,0.0,0.0,0.0,12.3,
319,Session_20250418-113313_SSE,20250418-121538_p239,,c2_20250418-121538.jpg,19.5,100.0,15.0,0.0,0.0,0.0,12.3,
320,Session_20250418-113313_SSE,20250418-121548_p240,,c2_20250418-121548.jpg,19.5,100.0,15.0,0.0,0.0,0.0,12.2,
321,Session_20250418-113313_SSE,20250418-121559_p241,,c2_20250418-121559.jpg,19.5,100.0,15.0,0.0,0.0,0.0,12.3,
322,Session_20250418-113313_SSE,20250418-121609_p242,,c2_20250418-121609.jpg,19.5,100.0,15.0,0.0,0.0,0.0,12.3,
323,Session_20250418-113313_SSE,20250418-121619_p243,,c2_20250418-121619.jpg,19.5,100.0,15.0,0.0,0.0,0.0,12.4,
324,Session_20250418-113313_SSE,20250418-121630_p244,,c2_20250418-121630.jpg,19.5,100.0,15.0,0.0,0.0,0.0,12.3,
325,Session_20250418-113313_SSE,20250418-121640_p245,,c2_20250418-121640.jpg,19.5,100.0,15.0,0.0,0.0,0.0,12.3,
326,Session_20250418-113313_SSE,20250418-121651_p246,,c2_20250418-121651.jpg,19.5,100.0,15.0,0.0,0.0,0.0,12.3,
327,Session_20250418-113313_SSE,20250418-121701_p247,,c2_20250418-121701.jpg,19.5,100.0,15.0,0.0,0.0,0.0,12.3,
328,Session_20250418-113313_SSE,20250418-121712_p248,,c2_20250418-121712.jpg,19.5,100.0,15.0,0.0,0.0,0.0,12.3,
329,Session_20250418-113313_SSE,20250418-121722_p249,,c2_20250418-121722.jpg,19.5,100.0,15.0,0.0,0.0,0.0,12.4,
330,Session_20250418-113313_SSE,20250418-121733_p250,,c2_20250418-121733.jpg,19.5,100.0,15.0,0.0,0.0,0.0,12.3,
331,Session_20250418-113313_SSE,20250418-121743_p251,,c2_20250418-121743.jpg,19.5,100.0,15.0,0.0,0.0,0.0,12.3,
332,Session_20250418-113313_SSE,20250418-121754_p252,,c2_20250418-121754.jpg,19.5,100.0,15.0,0.0,0.0,0.0,12.3,
333,Session_20250418-113313_SSE,20250418-121804_p253,,c2_20250418-121804.jpg,19.5,100.0,15.0,0.0,0.0,0.0,12.3,
334,Session_20250418-113313_SSE,20250418-121814_p254,,c2_20250418-121814.jpg,19.5,100.0,15.0,0.0,0.0,0.0,12.4,
335,Session_20250418-113313_SSE,20250418-121825_p255,,c2_20250418-121825.jpg,19.5,100.0,15.0,0.0,0.0,0.0,12.4,
336,Session_20250418-113313_SSE,20250418-121835_p256,,c2_20250418-121835.jpg,19.5,100.0,15.0,0.0,0.0,0.0,12.4,
337,Session_20250418-113313_SSE,20250418-121846_p257,,c2_20250418-121846.jpg,19.5,100.0,15.0,0.0,0.0,0.0,12.4,
338,Session_20250418-113313_SSE,20250418-121856_p258,,c2_20250418-121856.jpg,19.5,100.0,15.0,0.0,0.0,0.0,12.4,
339,Session_20250418-113313_SSE,20250418-121907_p259,,c2_20250418-121907.jpg,19.5,100.0,15.0,0.0,0.0,0.0,12.4,
340,Session_20250418-113313_SSE,20250418-121917_p260,,c2_20250418-121917.jpg,19.5,100.0,15.0,0.0,0.0,0.0,12.4,
341,Session_20250418-113313_SSE,20250418-121927_p261,,c2_20250418-121927.jpg,19.5,100.0,15.0,0.0,0.0,0.0,12.5,
342,Session_20250418-113313_SSE,20250418-121938_p262,,c2_20250418-121938.jpg,19.5,100.0,15.0,0.0,0.0,0.0,12.4,
343,Session_20250418-113313_SSE,20250418-121948_p263,,c2_20250418-121948.jpg,19.5,100.0,15.0,0.0,0.0,0.0,12.5,
344,Session_20250418-113313_SSE,20250418-121958_p264,,c2_20250418-121958.jpg,19.5,100.0,15.0,0.0,0.0,0.0,12.5,
345,Session_20250418-113313_SSE,20250418-122008_p265,,c2_20250418-122008.jpg,19.5,100.0,15.0,0.0,0.0,0.0,12.5,
346,Session_20250418-113313_SSE,20250418-122019_p266,,c2_20250418-122019.jpg,19.5,100.0,15.0,0.0,0.0,0.0,12.4,
347,Session_20250418-113313_SSE,20250418-122030_p267,,c2_20250418-122030.jpg,19.5,100.0,15.0,0.0,0.0,0.0,12.4,
348,Session_20250418-113313_SSE,20250418-122041_p268,,c2_20250418-122041.jpg,19.5,100.0,15.0,0.0,0.0,0.0,12.4,
349,Session_20250418-113313_SSE,20250418-122052_p269,,c2_20250418-122052.jpg,19.6,100.0,15.0,0.0,0.0,0.0,12.4,
350,Session_20250418-113313_SSE,20250418-122102_p270,,c2_20250418-122102.jpg,19.5,100.0,15.0,0.0,0.0,0.0,12.4,
351,Session_20250418-113313_SSE,20250418-122113_p271,,c2_20250418-122113.jpg,19.5,100.0,15.0,0.0,0.0,0.0,12.4,
352,Session_20250418-113313_SSE,20250418-122124_p272,,c2_20250418-122124.jpg,19.5,100.0,15.0,0.0,0.0,0.0,12.4,
353,Session_20250418-113313_SSE,20250418-122135_p273,,c2_20250418-122135.jpg,19.5,100.0,15.0,0.0,0.0,0.0,12.4,
354,Session_20250418-113313_SSE,20250418-122145_p274,,c2_20250418-122145.jpg,19.5,100.0,15.0,0.0,0.0,0.0,12.3,
355,Session_20250418-113313_SSE,20250418-122156_p275,,c2_20250418-122156.jpg,19.5,100.0,15.0,0.0,0.0,0.0,12.3,
356,Session_20250418-113313_SSE,20250418-122207_p276,,c2_20250418-122207.jpg,19.5,100.0,15.0,0.0,0.0,0.0,12.3,
357,Session_20250418-113313_SSE,20250418-122217_p277,,c2_20250418-122217.jpg,19.6,100.0,15.0,0.0,0.0,0.0,12.3,
358,Session_20250418-113313_SSE,20250418-122228_p278,,c2_20250418-122228.jpg,19.6,100.0,15.0,0.0,0.0,0.0,12.3,
359,Session_20250418-113313_SSE,20250418-122239_p279,,c2_20250418-122239.jpg,19.5,100.0,15.0,0.0,0.0,0.0,12.3,
360,Session_20250418-113313_SSE,20250418-122250_p280,,c2_20250418-122250.jpg,19.5,100.0,15.0,0.0,0.0,0.0,12.3,
361,Session_20250418-113313_SSE,20250418-122300_p281,,c2_20250418-122300.jpg,19.5,100.0,15.0,0.0,0.0,0.0,12.3,
362,Session_20250418-113313_SSE,20250418-122311_p282,,c2_20250418-122311.jpg,19.5,100.0,15.0,0.0,0.0,0.0,12.3,
363,Session_20250418-113313_SSE,20250418-122321_p283,,c2_20250418-122321.jpg,19.5,100.0,15.0,0.0,0.0,0.0,12.3,
364,Session_20250418-113313_SSE,20250418-122332_p284,,c2_20250418-122332.jpg,19.5,100.0,15.0,0.0,0.0,0.0,12.3,
365,Session_20250418-113313_SSE,20250418-122343_p285,,c2_20250418-122343.jpg,19.5,100.0,15.0,0.0,0.0,0.0,12.3,
366,Session_20250418-113313_SSE,20250418-122353_p286,,c2_20250418-122353.jpg,19.5,100.0,15.0,0.0,0.0,0.0,12.3,
367,Session_20250418-113313_SSE,20250418-122404_p287,,c2_20250418-122404.jpg,19.5,100.0,15.0,0.0,0.0,0.0,12.4,
368,Session_20250418-113313_SSE,20250418-122415_p288,,c2_20250418-122415.jpg,19.5,100.0,15.0,0.0,0.0,0.0,12.4,
369,Session_20250418-113313_SSE,20250418-122426_p289,,c2_20250418-122426.jpg,19.5,100.0,15.0,0.0,0.0,0.0,12.4,
370,Session_20250418-113313_SSE,20250418-122436_p290,,c2_20250418-122436.jpg,19.5,100.0,15.0,0.0,0.0,0.0,12.4,
371,Session_20250418-113313_SSE,20250418-122448_p291,,c2_20250418-122448.jpg,19.5,100.0,15.0,0.0,0.0,0.0,12.4,
372,Session_20250418-113313_SSE,20250418-122459_p292,,c2_20250418-122459.jpg,19.6,100.0,15.0,0.0,0.0,0.0,12.4,
373,Session_20250418-113313_SSE,20250418-122510_p293,,c2_20250418-122510.jpg,19.5,100.0,15.0,0.0,0.0,0.0,12.4,
374,Session_20250418-113313_SSE,20250418-122521_p294,,c2_20250418-122521.jpg,19.6,100.0,15.0,0.0,0.0,0.0,12.4,
375,Session_20250418-113313_SSE,20250418-122531_p295,,c2_20250418-122531.jpg,19.6,100.0,15.0,0.0,0.0,0.0,12.4,
376,Session_20250418-113313_SSE,20250418-122542_p296,,c2_20250418-122542.jpg,19.6,100.0,15.0,0.0,0.0,0.0,12.4,
377,Session_20250418-113313_SSE,20250418-122553_p297,,c2_20250418-122553.jpg,19.6,100.0,15.0,0.0,0.0,0.0,12.4,
378,Session_20250418-113313_SSE,20250418-122603_p298,,c2_20250418-122603.jpg,19.6,100.0,15.0,0.0,0.0,0.0,12.4,
379,Session_20250418-113313_SSE,20250418-122614_p299,,c2_20250418-122614.jpg,19.6,100.0,15.0,0.0,0.0,0.0,12.4,
380,Session_20250418-113313_SSE,20250418-122624_p300,,c2_20250418-122624.jpg,19.6,100.0,15.0,0.0,0.0,0.0,12.4,
381,Session_20250418-113313_SSE,20250418-122634_p301,,c2_20250418-122634.jpg,19.6,100.0,15.0,0.0,0.0,0.0,12.4,
382,Session_20250418-113313_SSE,20250418-122645_p302,,c2_20250418-122645.jpg,19.6,100.0,15.0,0.0,0.0,0.0,12.4,
383,Session_20250418-113313_SSE,20250418-122656_p303,,c2_20250418-122656.jpg,19.6,100.0,15.0,0.0,0.0,0.0,12.4,
384,Session_20250418-113313_SSE,20250418-122706_p304,,c2_20250418-122706.jpg,19.6,100.0,15.0,0.0,0.0,0.0,12.4,
385,Session_20250418-113313_SSE,20250418-122717_p305,,c2_20250418-122717.jpg,19.6,100.0,15.0,0.0,0.0,0.0,12.5,
386,Session_20250418-113313_SSE,20250418-122727_p306,,c2_20250418-122727.jpg,19.6,100.0,15.0,0.0,0.0,0.0,12.4,
387,Session_20250418-113313_SSE,20250418-122738_p307,,c2_20250418-122738.jpg,19.6,100.0,15.0,0.0,0.0,0.0,12.4,
388,Session_20250418-113313_SSE,20250418-122748_p308,,c2_20250418-122748.jpg,19.6,100.0,15.0,0.0,0.0,0.0,12.4,
389,Session_20250418-113313_SSE,20250418-122759_p309,,c2_20250418-122759.jpg,19.6,100.0,15.0,0.0,0.0,0.0,12.4,
390,Session_20250418-113313_SSE,20250418-122809_p310,,c2_20250418-122809.jpg,19.6,100.0,15.0,0.0,0.0,0.0,12.4,
391,Session_20250418-113313_SSE,20250418-122819_p311,,c2_20250418-122819.jpg,19.6,100.0,15.0,0.0,0.0,0.0,12.4,
392,Session_20250418-113313_SSE,20250418-122830_p312,,c2_20250418-122830.jpg,19.6,100.0,15.0,0.0,0.0,0.0,12.4,
393,Session_20250418-113313_SSE,20250418-122840_p313,,c2_20250418-122840.jpg,19.6,100.0,15.0,0.0,0.0,0.0,12.4,
394,Session_20250418-113313_SSE,20250418-122850_p314,,c2_20250418-122850.jpg,19.6,100.0,15.0,0.0,0.0,0.0,12.5,
395,Session_20250418-113313_SSE,20250418-122901_p315,,c2_20250418-122901.jpg,19.6,100.0,15.0,0.0,0.0,0.0,12.3,
396,Session_20250418-113313_SSE,20250418-122911_p316,,c2_20250418-122911.jpg,19.6,100.0,15.0,0.0,0.0,0.0,12.3,
397,Session_20250418-113313_SSE,20250418-122922_p317,,c2_20250418-122922.jpg,19.6,100.0,15.0,0.0,0.0,0.0,12.4,
398,Session_20250418-113313_SSE,20250418-122933_p318,,c2_20250418-122933.jpg,19.6,100.0,15.0,0.0,0.0,0.0,12.4,
399,Session_20250418-113313_SSE,20250418-122944_p319,,c2_20250418-122944.jpg,19.6,100.0,15.0,0.0,0.0,0.0,12.4,
400,Session_20250418-113313_SSE,20250418-122954_p320,,c2_20250418-122954.jpg,19.6,100.0,15.0,0.0,0.0,0.0,12.3,
401,Session_20250418-113313_SSE,20250418-123005_p321,,c2_20250418-123005.jpg,19.6,100.0,15.0,0.0,0.0,0.0,12.3,
402,Session_20250418-113313_SSE,20250418-123015_p322,,c2_20250418-123015.jpg,19.6,100.0,15.0,0.0,0.0,0.0,12.3,
403,Session_20250418-113313_SSE,20250418-123025_p323,,c2_20250418-123025.jpg,19.6,100.0,15.0,0.0,0.0,0.0,12.3,
404,Session_20250418-113313_SSE,20250418-123036_p324,,c2_20250418-123036.jpg,19.6,100.0,15.0,0.0,0.0,0.0,12.3,
405,Session_20250418-113313_SSE,20250418-123046_p325,,c2_20250418-123046.jpg,19.6,100.0,15.0,0.0,0.0,0.0,12.3,
406,Session_20250418-113313_SSE,20250418-123056_p326,,c2_20250418-123056.jpg,19.6,100.0,15.0,0.0,0.0,0.0,12.3,
407,Session_20250418-113313_SSE,20250418-123107_p327,,c2_20250418-123107.jpg,19.6,100.0,15.0,0.0,0.0,0.0,12.3,
408,Session_20250418-113313_SSE,20250418-123117_p328,,c2_20250418-123117.jpg,19.6,100.0,15.0,0.0,0.0,0.0,12.3,
409,Session_20250418-113313_SSE,20250418-123128_p329,,c2_20250418-123128.jpg,19.6,100.0,15.0,0.0,0.0,0.0,12.3,
410,Session_20250418-113313_SSE,20250418-123138_p330,,c2_20250418-123138.jpg,19.6,100.0,15.0,0.0,0.0,0.0,12.3,
411,Session_20250418-113313_SSE,20250418-123149_p331,,c2_20250418-123149.jpg,19.6,100.0,15.0,0.0,0.0,0.0,12.3,
412,Session_20250418-113313_SSE,20250418-123159_p332,,c2_20250418-123159.jpg,19.6,100.0,15.0,0.0,0.0,0.0,12.3,
413,Session_20250418-113313_SSE,20250418-123210_p333,,c2_20250418-123210.jpg,19.6,100.0,15.0,0.0,0.0,0.0,12.3,
414,Session_20250418-113313_SSE,20250418-123221_p334,,c2_20250418-123221.jpg,19.6,100.0,15.0,0.0,0.0,0.0,12.3,
415,Session_20250418-113313_SSE,20250418-123231_p335,,c2_20250418-123231.jpg,19.6,100.0,15.0,0.0,0.0,0.0,12.3,
416,Session_20250418-113313_SSE,20250418-123242_p336,,c2_20250418-123242.jpg,19.6,100.0,15.0,0.0,0.0,0.0,12.3,
417,Session_20250418-113313_SSE,20250418-123252_p337,,c2_20250418-123252.jpg,19.6,100.0,15.0,0.0,0.0,0.0,12.3,
418,Session_20250418-113313_SSE,20250418-123303_p338,,c2_20250418-123303.jpg,19.6,100.0,15.0,0.0,0.0,0.0,12.3,
419,Session_20250418-113313_SSE,20250418-123313_p339,,c2_20250418-123313.jpg,19.6,100.0,15.0,0.0,0.0,0.0,12.3,
420,Session_20250418-113313_SSE,20250418-123324_p340,,c2_20250418-123324.jpg,19.6,100.0,15.0,0.0,0.0,0.0,12.3,
421,Session_20250418-113313_SSE,20250418-123334_p341,,c2_20250418-123334.jpg,19.6,100.0,15.0,0.0,0.0,0.0,12.3,
422,Session_20250418-113313_SSE,20250418-123345_p342,,c2_20250418-123345.jpg,19.6,100.0,15.0,0.0,0.0,0.0,12.4,
423,Session_20250418-113313_SSE,20250418-123355_p343,,c2_20250418-123355.jpg,19.6,100.0,15.0,0.0,0.0,0.0,12.4,
424,Session_20250418-113313_SSE,20250418-123405_p344,,c2_20250418-123405.jpg,19.6,100.0,15.0,0.0,0.0,0.0,12.3,
425,Session_20250418-113313_SSE,20250418-123416_p345,,c2_20250418-123416.jpg,19.6,100.0,15.0,0.0,0.0,0.0,12.3,
426,Session_20250418-113313_SSE,20250418-123427_p346,,c2_20250418-123427.jpg,19.6,100.0,15.0,0.0,0.0,0.0,12.3,
427,Session_20250418-113313_SSE,20250418-123438_p347,,c2_20250418-123438.jpg,19.6,100.0,15.0,0.0,0.0,0.0,12.4,
428,Session_20250418-113313_SSE,20250418-123448_p348,,c2_20250418-123448.jpg,19.6,100.0,15.0,0.0,0.0,0.0,12.4,
429,Session_20250418-113313_SSE,20250418-123459_p349,,c2_20250418-123459.jpg,19.6,100.0,15.0,0.0,0.0,0.0,12.4,
430,Session_20250418-113313_SSE,20250418-123509_p350,,c2_20250418-123509.jpg,19.6,100.0,15.0,0.0,0.0,0.0,12.4,
431,Session_20250418-113313_SSE,20250418-123520_p351,,c2_20250418-123520.jpg,19.6,100.0,15.0,0.0,0.0,0.0,12.4,
432,Session_20250418-113313_SSE,20250418-123530_p352,,c2_20250418-123530.jpg,19.6,100.0,15.0,0.0,0.0,0.0,12.4,
433,Session_20250418-113313_SSE,20250418-123540_p353,,c2_20250418-123540.jpg,19.6,100.0,15.0,0.0,0.0,0.0,12.4,
434,Session_20250418-113313_SSE,20250418-123551_p354,,c2_20250418-123551.jpg,19.6,100.0,15.0,0.0,0.0,0.0,12.4,
435,Session_20250418-113313_SSE,20250418-123601_p355,,c2_20250418-123601.jpg,19.6,100.0,15.0,0.0,0.0,0.0,12.4,
436,Session_20250418-113313_SSE,20250418-123612_p356,,c2_20250418-123612.jpg,19.6,100.0,15.0,0.0,0.0,0.0,12.5,
437,Session_20250418-113313_SSE,20250418-123622_p357,,c2_20250418-123622.jpg,19.6,100.0,15.0,0.0,0.0,0.0,12.4,
438,Session_20250418-113313_SSE,20250418-123633_p358,,c2_20250418-123633.jpg,19.6,100.0,15.0,0.0,0.0,0.0,12.5,
439,Session_20250418-113313_SSE,20250418-123734_p359,,c2_20250418-123734.jpg,19.6,100.0,15.0,0.0,0.0,0.0,12.4,
440,Session_20250418-113313_SSE,20250418-123834_p360,,c2_20250418-123834.jpg,19.6,100.0,15.0,0.0,0.0,0.0,12.5,
441,Session_20250418-113313_SSE,20250418-123934_p361,,c2_20250418-123934.jpg,19.6,100.0,15.0,0.0,0.0,0.0,12.5,
442,Session_20250418-113313_SSE,20250418-124035_p362,,c2_20250418-124035.jpg,19.6,100.0,15.0,0.0,0.0,0.0,12.5,
443,Session_20250418-113313_SSE,20250418-124135_p363,,c2_20250418-124135.jpg,19.6,100.0,15.0,0.0,0.0,0.0,12.4,
444,Session_20250418-113313_SSE,20250418-124236_p364,,c2_20250418-124236.jpg,19.7,100.0,15.0,0.0,0.0,0.0,12.4,
445,Session_20250418-113313_SSE,20250418-124336_p365,,c2_20250418-124336.jpg,19.7,100.0,15.0,0.0,0.0,0.0,12.4,
446,Session_20250418-113313_SSE,20250418-124437_p366,,c2_20250418-124437.jpg,19.6,100.0,15.0,0.0,0.0,0.0,12.5,
447,Session_20250418-113313_SSE,20250418-124537_p367,,c2_20250418-124537.jpg,19.6,100.0,15.0,0.0,0.0,0.0,12.5,
448,Session_20250418-113313_SSE,20250418-124638_p368,,c2_20250418-124638.jpg,19.6,100.0,15.0,0.0,0.0,0.0,12.5,
449,Session_20250418-113313_SSE,20250418-124738_p369,,c2_20250418-124738.jpg,19.6,100.0,15.0,0.0,0.0,0.0,12.6,
450,Session_20250418-113313_SSE,20250418-124838_p370,,c2_20250418-124838.jpg,19.6,100.0,15.0,0.0,0.0,0.0,12.5,
451,Session_20250418-113313_SSE,20250418-124939_p371,,c2_20250418-124939.jpg,19.7,100.0,15.0,0.0,0.0,0.0,12.4,
452,Session_20250418-113313_SSE,20250418-125039_p372,,c2_20250418-125039.jpg,19.7,100.0,15.0,0.0,0.0,0.0,12.5,
453,Session_20250418-113313_SSE,20250418-125140_p373,,c2_20250418-125140.jpg,19.7,100.0,15.0,0.0,0.0,0.0,12.6,
454,Session_20250418-113313_SSE,20250418-125240_p374,,c2_20250418-125240.jpg,19.6,100.0,15.0,0.0,0.0,0.0,12.5,
455,Session_20250418-113313_SSE,20250418-125341_p375,,c2_20250418-125341.jpg,19.7,100.0,15.0,0.0,0.0,0.0,12.6,
456,Session_20250418-113313_SSE,20250418-125441_p376,,c2_20250418-125441.jpg,19.7,100.0,15.0,0.0,0.0,0.0,12.7,
457,Session_20250418-113313_SSE,20250418-125542_p377,,c2_20250418-125542.jpg,19.7,100.0,15.0,0.0,0.0,0.0,12.7,
458,Session_20250418-113313_SSE,20250418-125642_p378,,c2_20250418-125642.jpg,19.7,100.0,15.0,0.0,0.0,0.0,12.8,
459,Session_20250418-113313_SSE,20250418-125742_p379,,c2_20250418-125742.jpg,19.7,100.0,15.0,0.0,0.0,0.0,12.8,
460,Session_20250418-113313_SSE,20250418-125842_p380,,c2_20250418-125842.jpg,19.7,100.0,15.0,0.0,0.0,0.0,12.8,
461,Session_20250418-113313_SSE,20250418-125943_p381,,c2_20250418-125943.jpg,19.7,100.0,15.0,0.0,0.0,0.0,12.8,
462,Session_20250418-113313_SSE,20250418-130043_p382,,c2_20250418-130043.jpg,19.7,100.0,15.0,0.0,0.0,0.0,12.8,
463,Session_20250418-113313_SSE,20250418-130144_p383,,c2_20250418-130144.jpg,19.8,100.0,15.0,0.0,0.0,0.0,12.8,
464,Session_20250418-113313_SSE,20250418-130244_p384,,c2_20250418-130244.jpg,19.7,100.0,15.0,0.0,0.0,0.0,12.8,
465,Session_20250418-113313_SSE,20250418-130344_p385,,c2_20250418-130344.jpg,19.7,100.0,15.0,0.0,0.0,0.0,12.8,
466,Session_20250418-113313_SSE,20250418-130445_p386,,c2_20250418-130445.jpg,19.8,100.0,15.0,0.0,0.0,0.0,12.8,
467,Session_20250418-113313_SSE,20250418-130545_p387,,c2_20250418-130545.jpg,19.7,100.0,15.0,0.0,0.0,0.0,12.8,
468,Session_20250418-113313_SSE,20250418-130645_p388,,c2_20250418-130645.jpg,19.7,100.0,15.0,0.0,0.0,0.0,12.7,
469,Session_20250418-113313_SSE,20250418-130746_p389,,c2_20250418-130746.jpg,19.8,100.0,15.0,0.0,0.0,0.0,12.7,
470,Session_20250418-113313_SSE,20250418-130846_p390,,c2_20250418-130846.jpg,19.8,100.0,15.0,0.0,0.0,0.0,12.6,
471,Session_20250418-113313_SSE,20250418-130946_p391,,c2_20250418-130946.jpg,19.7,100.0,15.0,0.0,0.0,0.0,12.7,
472,Session_20250418-113313_SSE,20250418-131047_p392,,c2_20250418-131047.jpg,19.8,100.0,15.0,0.0,0.0,0.0,12.7,
473,Session_20250418-113313_SSE,20250418-131147_p393,,c2_20250418-131147.jpg,19.8,100.0,15.0,0.0,0.0,0.0,12.7,
474,Session_20250418-113313_SSE,20250418-131247_p394,,c2_20250418-131247.jpg,19.7,100.0,15.0,0.0,0.0,0.0,12.7,
475,Session_20250418-113313_SSE,20250418-131348_p395,,c2_20250418-131348.jpg,19.8,100.0,15.0,0.0,0.0,0.0,12.7,
476,Session_20250418-113313_SSE,20250418-131449_p396,,c2_20250418-131449.jpg,19.8,100.0,15.0,0.0,0.0,0.0,12.6,
477,Session_20250418-113313_SSE,20250418-131549_p397,,c2_20250418-131549.jpg,19.8,100.0,15.0,0.0,0.0,0.0,12.7,
478,Session_20250418-113313_SSE,20250418-131649_p398,,c2_20250418-131649.jpg,19.8,100.0,15.0,0.0,0.0,0.0,12.6,
479,Session_20250418-113313_SSE,20250418-131749_p399,,c2_20250418-131749.jpg,19.8,100.0,15.0,0.0,0.0,0.0,12.7,
